Group,n,Mean_Ease,Mean_Helpfulness,Mean_Trust,Mean_Contact_Likert,Mean_Style_Match,Overall_Mean,Contact_Binary_Rate,Overall_Helpfulness_Global,Confidence_Global
Matched,43,4.508720930232558,4.468023255813954,4.453488372093023,4.40406976744186,4.296511627906977,4.426162790697674,0.8953488372093024,4.186046511627907,4.27906976744186
Missmatched,37,4.108108108108108,4.02027027027027,4.135135135135135,3.939189189189189,3.641891891891892,3.9689189189189187,0.777027027027027,4.0,4.0
