Statistic,Value
Chi2,7.063144172748952
p_value,0.00786857795358072
df,1.0
