Group,sum,count,mean
Matched,157.0,176,0.8920454545454546
Missmatched,115.0,148,0.777027027027027
